<?xml version="1.0" encoding="UTF-8"?>
<plugin_manifest xmlns="http://www.elgg.org/plugin_manifest/1.8">
    <name>Edu Jobs</name>
    <author>Nikos Lyberakis</author>
    <version>1.8.0</version>
    <category>bundled</category>
    <category>content</category>
    <description>Edu Jobs Plugin for EduFolium</description>
    <website>http://elgg.lyberakis.gr/</website>
    <copyright>(C) MSC 2013</copyright>
    <license>GNU General Public License version 2</license>
    <requires>
		<type>elgg_release</type>
		<version>1.8</version>
    </requires>
    <activate_on_install>true</activate_on_install>
</plugin_manifest>
