<?xml version="1.0" encoding="UTF-8"?>
<plugin_manifest xmlns="http://www.elgg.org/plugin_manifest/1.8">
    <name>Map of Members</name>
    <author>Nikos Lyberakis</author>
    <version>1.8.8</version>
    <category>bundled</category>
    <category>content</category>
    <description>Show members on Google Map</description>
    <website>http://elgg.lyberakis.gr/</website>
    <copyright>(C) Nikos Lyberakis - MSC 2013</copyright>
    <license>GNU General Public License version 2</license>
    <requires>
            <type>elgg_release</type>
            <version>1.8</version>
    </requires>
    <requires>
            <type>plugin</type>
            <name>profile</name>
    </requires>
	<requires>
		<type>priority</type>
		<plugin>profile</plugin>
		<priority>after</priority>
	</requires>     
    <requires>
            <type>plugin</type>
            <name>kanelggamapsapi</name>
            <version>1.8.0</version>
    </requires>    
	<requires>
		<type>priority</type>
		<plugin>kanelggamapsapi</plugin>
		<priority>after</priority>
	</requires>      
    <activate_on_install>true</activate_on_install>
</plugin_manifest>
