<?xml version="1.0" encoding="UTF-8"?>
<plugin_manifest xmlns="http://www.elgg.org/plugin_manifest/1.8">
	<name>HTML Email Handler</name>
	<author>ColdTrick IT Solutions</author>
	<version>2.5</version>
	<description>Allows to send out full HTML mails / notifications</description>
	<website>http://www.coldtrick.com/</website>
	<repository>https://github.com/ColdTrick/html_email_handler</repository>
	<bugtracker>https://github.com/ColdTrick/html_email_handler/issues</bugtracker>
	<copyright>(C) ColdTrick IT Solutions 2011 - 2013</copyright>
	<license>GNU General Public License version 2</license>
	
	<requires>
		<type>elgg_release</type>
		<version>1.8.3</version>
	</requires>
	<requires>
		<type>php_extension</type>
		<name>dom</name>
	</requires>
	
	<suggests>
		<type>plugin</type>
		<name>developers</name>
	</suggests>
 	
 	<conflicts>
		<type>plugin</type>
		<name>phpmailer</name>
	</conflicts>
	<conflicts>
		<type>plugin</type>
		<name>html_mail</name>
	</conflicts>
	<conflicts>
		<type>plugin</type>
		<name>mail_queue</name>
	</conflicts>
 	
 	<category>ColdTrick</category>
</plugin_manifest>